Customer_Alias,Review_Date,Rating,Review_Title,Review_Text,Theme
R001,2026-06-21,4,Easy to use,"Easy to use, clear overview via the app. Unfortunately, the N26 cannot yet be used as a public transport card.",Technical & App
R002,2026-06-19,5,N26 konto,Clearly my best account with very good service and no hassle at all with us customers,General Positive Feedback
R003,2026-06-18,1,Locked Out of My N26 Account With No Explanation,"I never thought I would be writing this about N26, but here we are.I currently have no access to the funds in my N26 account because my login credentials and even my registered phone number are no longer recognized by N26.The only way I was able to report the issue was by emailing customer support. The next day, they replied asking me to provide my ID and confirm that I consented to sending personal information by email. I did so immediately.Their second email from customer support was telling me to refer to an email allegedly sent to me on 14 April 2026 ˇŞ an email I never received. I have checked my inbox, spam, trash - it isn't there. I was also informed that customer support has no further information regarding my case.I honestly cannot believe this. My account is inaccessible, my credentials are no longer recognized, my registered phone number appears to have disappeared from their system, and customer support says they have no further information.What about the funds in my account? How is a customer supposed to access their own money in a situation like this?",Account Access & Security
R004,2026-06-17,1,Customer service non-existence,"After several emails (tel. contact not possible) requesting access to my account, I still have no answer or a response. I need to download bankstatements a.s.a.p. but this is (in my view) not a reliable bank partner.",Customer Service
R005,2026-06-17,1,I lost 2300€ on my bankaccount of N26,"I lost 2300€ on my bankaccount of N26, cause the safety measures of N26 didn't work.N26 didn't refund this loss till now.",Payments & Transactions
R006,2026-06-18,1,N26 uses software to do facialˇ­,N26 uses software to do facial recognition.It doesn't appear to support dark skinned applicants.Customer support was rude and unhelpful.Oddly enough their competitor bunq's software worked fine.,Verification & Onboarding
R007,2026-06-17,5,N26 Best among all,"N26 Services are so great, it remains the best Online Banking among all.",Technical & App
R008,2026-06-17,5,The best bank that i have ever used,,General Positive Feedback
R009,2026-06-16,5,"Reliable, Easy to Use, and Great Support","I have been using N26 for quite some time now and my experience has been excellent. Their customer service is always helpful and they do what they promise. I have never had any problems with my card, and everything works smoothly. I can definitely recommend N26 to anyone looking for a reliable and easy-to-use bank.",Customer Service
R010,2026-06-15,5,Worked perfectly for me in New TYork,,General Positive Feedback
R011,2026-06-14,5,I am satisfied with banking service,I am satisfied with banking service. Simple and easy platform which works without flaws. Thank you.,Technical & App
R012,2026-06-14,1,Account inaccessible and no effective customer support,"I opened an N26 account and completed the identity verification process successfully. However, after more than a month, I still cannot access my account. The app only shows the option to open a new account, even though I have already completed the registration process and received confirmation emails.The biggest issue is customer support. If you cannot access the app, there is no practical way to contact a real support agent. The chatbot does not understand the problem and does not connect you with a human representative. I sent emails and had to wait days for a response without receiving a clear solution.A digital bank should provide accessible support channels for customers who are locked out of their accounts. An email address, live chat with a real person, or phone support for account-access issues would greatly improve the customer experience.Unfortunately, my issue remains unresolved, and the lack of effective customer support has been very frustrating.",Account Access & Security
R013,2026-06-13,5,Bestd Bank ever...,Bestd Bank ever...,General Positive Feedback
R014,2026-06-13,1,unauthorized transaction,"In my case, N26 rejected my dispute regarding a card transaction that I did not recognize. The bank stated that the transaction was 3D Secure authenticated but did not provide detailed evidence of the authentication. As a result, my account has a negative balance and cannot be closed. Based on this experience, I would not recommend relying solely on the assumption that a German bank will necessarily provide a higher level of customer protection or transparency",Payments & Transactions
R015,2026-06-13,1,Human support agents answer with AI slop,Horrible. The human support agents just answer with AI slop to serious questions. And the next agent just says (slops) the complete opposite to the one before for the exact same (copy&paste) question. N26 is the living example of enshittification (platform decay). Beside 80% of the app are just ads it's easily the worst banking app I came across the last decade.,Customer Service
R016,2026-06-12,1,Good bank - until is suddenly isn't.,"Good bank ˇŞ until it suddenly isn't.I was an N26 customer for years and genuinely liked the product. Clean app, easy transfers, good overview of spending. No complaints whatsoever.Then I went on holiday to Spain, switched to a new iPhone, and forgot to log out from the old one. During the transition I couldn't log into the new device, but continued using my card normally. At a supermarket I received a €4 refund for a faulty product ˇŞ a completely routine transaction.Next working day: card blocked.I cooperated fully with N26 ˇŞ re-did identity verification, sent screenshots, did everything they asked. A few days later I received an email informing me my account was being permanently cancelled for ""violation of Terms and Conditions"". No specific clause mentioned. No explanation. No chance to respond.So be careful ˇŞ everything is fine until their automated system flags you as suspicious. After that, there is no explanation, no reasonable human review, and no way back.",Account Access & Security
R017,2026-06-12,1,Avoid N26 ¨C Unprofessional service and failed delivery,"I am extremely frustrated with my experience with N26. I ordered a card and paid for it, with a promised delivery date of June 8th. It has now been three weeks, and I have received nothing.I am currently in a hotel on a business trip and cannot wait another 10 days for ""standard"" shipping, which is what the support agent suggested. When I asked for an urgent solution, they offered an ""express"" delivery option for an additional 20 EUR. It is unacceptable to be offered an extra-cost service to fix the bank's own failure to deliver the card on time.The support agents have been useless. They kept sending template responses and ignored the fact that IˇŻve been waiting for weeks. When I refused to pay for express shipping to fix their mistake and demanded a real solution, one agent threatened to close the chat and simply ended the conversation. When I finally demanded to speak with a supervisor, they claimed they don't deliver to hotels and blamed me for the card not arriving-despite the fact that their system accepted the address and payment three weeks ago.This is the worst customer support I have ever experienced. They don't care about their clients-they just offer paid solutions when things go wrong and hide behind scripts. Unprofessional, unhelpful, and completely unreliable.",Customer Service
R018,2026-06-12,5,Very convenient to use,"Very convenient to use. Every money in and out I get notifications. Have complete control on App. Paying for something outside EU, also get instant notifications. Conversion rate is very reasonable. No fee on basic package.",Fees & Charges
R019,2026-06-11,5,All activities thru the internet worksˇ­,All activities thru the internet works perfect..,General Positive Feedback
R020,2026-06-11,5,I love how easy it is to use and theˇ­,"I love how easy it is to use and the extra features i get with the metal card.  Still trying to find out if i can use to send my customers a ""tikkie"" Keep up the great work.",Payments & Transactions
R021,2026-06-11,1,A Tax document request turned into a data protection incident,"I requested my tax documentation several weeks ago in order to complete my Spanish tax return and followed the procedure indicated by N26.After multiple follow-ups and repeated responses from different agents, I still have not received the requested documentation.The most serious issue occurred when N26 sent me documents belonging to another customer instead of my own. I had to identify and report the error myself. This was not a minor mistake, but a data protection incident involving personal information that did not belong to me.After reporting the incident, providing evidence and screenshots, I continued receiving generic responses directing me to complete the same process that I had already completed weeks earlier.Throughout this case I received responses from several agents, including Ahmed, Kirolos and Eslam, yet no one appeared to review the full history of the request before replying.The problem was never the complexity of the request. The problem was the lack of effective case management, the absence of ownership of the issue, and the repeated use of template responses instead of addressing the actual situation.At the time of writing this review, I still do not have the tax documentation required to meet my tax obligations.As someone with professional experience in customer service and customer experience, I consider this one of the most inefficient support experiences I have had with a financial institution.I will gladly update this review once my documentation is delivered and the case is properly resolved.",Customer Service
R022,2026-06-10,5,Very happy,"Reliable, modern and fast. Very happy with N26",General Positive Feedback
R023,2026-06-10,5,Excellent bank,Excellent bank. Especially when you facing hard times !!!,General Positive Feedback
R024,2026-06-10,5,Ive got directly and friendly help,,Customer Service
R025,2026-06-10,5,Sehr schnell,Sehr schnell. On time everything. Die Debit card funksioniert sehr gut.,Payments & Transactions
R026,2026-06-10,5,Easy banking,Easy banking,General Positive Feedback
R027,2026-06-10,5,The best Bank in Europe,The best Bank in Europe. I fully recommend N26 to everyone,General Positive Feedback
R028,2026-06-10,1,ondanks  meerdere keren naar supportˇ­,"ondanks  meerdere keren naar support mailen nog steeds mijn bedrag 7100,- €  nog niet terug , een formulier ingevuld en er zou een tijdelijke inlog worden gestuurd , echter nog steeds geen mail met inlog en als je vraagt ? dan moet je geduld hebben ! ?have patience ?? na 13 March Patience  ??if there is going someting wrong by N 26 then you must to have verry much patience  ??and they do nothing only AI answers from support but not temporary  inlog , and i have fil in the form  for temporrary inlog , bud then you must to wait and wait and wait , if there is going something wrong by N26then you must to wait verry long as a punishment !verry bad service , still waiting for my money ??why give it back ?kortom misschien een prima bank echter als er een probleem voor doet kan je beter bij een nederlandse bank zitten,, slechte service ,,  N26 bank SE,,Jaap van der Bel met een geblokkeerde  N26 Rekening case nr 90632359 mail van 24 April... N26 support.",Customer Service
R029,2026-06-09,5,Keep up the good work!,"I am very satisfied with my banking experience. Payments and transfers are processed within seconds, and the app is user-friendly and easy to navigate. I am a little disappointed that N26 doesn't offer ETFs (and certain other financial instruments) in all EU countries. On the other hand, you can choose from a wide selection of stocks. I appreciate the Tax Hub feature for investing, but I think it is still a work in progress. Overall, I really enjoy using N26, and I definitely recommend it.",Payments & Transactions
R030,2026-06-09,5,Best Bank Ever....,Best Bank Ever....Tolles Bank und tolle Services...,General Positive Feedback
R031,2026-06-09,5,GOOD BANK,"GOOD BANK, GREAT APP",Technical & App
R032,2026-06-09,5,Mostly reliable and convenient serviceˇ­,Mostly reliable and convenient service so far..,General Positive Feedback
R033,2026-06-09,2,My card was cancelled without any warning,"I made a reclamation through the App about an unauthorised 5 Euro amount...and the bank eliminated my MasterCard without any warning...It should be advised very clearly: ""if you continue the complaint...your card will be eliminated"".Only after finishing the process it said: ""Your card was eliminated ""...what for a mess!!! Traveling abroad and being without a credit card is not funny!! And that only because of 5 Euro. It must be mentioned in the same complaint process ""Attention your card will be eliminated!!!""... nobody looks into the AGBs for a simple reclamation process!!!I sent a message to N26 and got back the ""standard sentence""...""We are sorry for""Antwort von N26 unten:Standard S?tze ohne viel Sinn...Ja sie besch¨ątzen mein Geld...Nachdem ich jetzt im Ausland ohne Karte keine Geld Abhebem?glichkeit habe. Hahaha.Es war erst angegeben nachdem ich weiter dr¨ąckte, dann war es zu sp?t.Es sollte ""deutlich"" davor stehen:""Achtung!....",Payments & Transactions
R034,2026-06-08,1,I strongly warn against this bank,"I strongly warn against this bank! This is a thieving organization that has been holding my money for two months under the pretext of ""breaking the regulations."" This is pure paranoia: I transferred a significant amount of money to my account from another bank, and n26 blocked my account and has been preventing me from managing my money for two months. I've taken the matter to court and will be seeking compensation for my losses and the legal fees I'll have to pay to get my money back. This is a common organization that operates like a fraud. Be careful before entrusting your money to this organization, because they're not a bank, they're a thief.",Account Access & Security
R035,2026-06-07,5,Reliable,"Easy, reliable and transparent. Very happy with the experience and services provided so far.",General Positive Feedback
R036,2026-06-06,2,Their app used to be great,Their app used to be great. It has been falling apart in the past two years.,Technical & App
R037,2026-06-06,1,N26 locked my money,"N26 locked my money, i dont have much and i have a family to feed. Currently i cannot even use my card to buy food. They say 72 hours verification but nothing happens, i've tried to contact the support they say they can't do anything. As i can't use the only money i have to buy food and water this put me in a life or death situation for me and my family. I consider calling the police and informing the media. This is criminal",Account Access & Security
R038,2026-06-05,1,A bank systematically disregarding the GDPR,"I was considering this bank. I installed the app and started the registration process. I was unpleasantly surprised by both the number of documents I had to read, accept, and sign, as well as their length. This is several times more than all the other banks I am a client of combined. After another such document, I decided this bank wasn't for me and I didn't want to continue registration. But the interface didn't offer the option to decline the next set of conditions or abort the registration process. So, I simply closed the app, deciding I had no connection with this bank. After a while, I started receiving messages from the bank suggesting I might have some kind of account and plan there. I wrote an email explaining the situation, asking them to close the account, if I had one, and declaring my desire to invoke Article 17 of the GDPR (Right to Erasure) and therefore demanding that they delete any of my data and no longer use it for mailings, etc. Each time, I received another email simply telling me to close my account in the app, ignoring the information that I hadn't completed the registration process and therefore couldn't use the specified functionality. I have no intention of accepting yet more bank terms and conditions that I don't agree with just to complete registration. Ultimately, the bank's support team took a downright abusive approach. Instead of another email response, I received a notification that I could view the bank's message in the app. In other words, the bank is consistently pressuring me to accept all their terms and complete registration, which I have repeatedly stated I don't intend to do. Furthermore, their emails don't include a link to unsubscribe from future emails. To stop receiving spam from the bank, drumroll, you must use the app, and to do that, yes, you absolutely must accept all their terms and complete registration.An update. Just noticed a reply from the bank below. They suggested that I complete and send a PDF form to support(at)n26.com. But I already did that on June 3, 2026 at 9:29 CEST. And another support employee, whose name was Belinda, wrote, she could not process my request because I did not specify the IBAN. Which I do not know due to incomplete registration.",Verification & Onboarding
R039,2026-06-04,5,Cover all my needs perfect,Cover all my needs perfect,General Positive Feedback
R040,2026-06-04,5,Everything go very well,,General Positive Feedback
R041,2026-06-03,5,"Great app, fast service, perfect hotline","Great app, easy to use, incredibly fast services and money transfers. I have metal membership and it contains a whole bunch of nice to haves. Most importantly: great customer service. Had problem with CC fraud and got all my money back.",Customer Service
R042,2026-06-03,5,Everything you need about a modernˇ­,Everything you need about a modern banking system.,General Positive Feedback
R043,2026-06-03,3,Feedback on the Evolution of the N26 Ecosystem,"N26 has the potential to grow far beyond a simple transaction account and become the central financial hub in its customers' lives. To increase retention among existing customers and attract new target groups, I suggest the following strategic adjustments:From Account to Financial Co-Pilot: Instead of focusing on traditional banking features (such as the Girocard), N26 should place greater emphasis on AI-driven automation. Functions like automated micro-investments based on individual spending behavior would provide genuine added value, making switching to competitors unattractive.Dynamic Loyalty Models: Existing customers should be 'locked in' through a tiered reward system. Rather than tying benefits exclusively to paid subscriptions, loyalty perks (e.g., lower overdraft interest rates or exclusive access to partner events) could be unlocked automatically after a certain duration of membership.Neuro-Systemic Customer Support: Financial well-being is closely linked to psychological security. Integrating tools that offer coaching-oriented rather than purely administrative support during times of financial stress would position N26 as a true partner that understands customer needs on a deeper level.Ecosystem Integration: A seamless in-app marketplace for insurance or contracts, which generates direct financial advantages through 'one-click optimization,' creates high switching costs and sustainably strengthens the customer relationship.Conclusion: The future does not lie in mimicking traditional retail banking products, but in creating an intuitive, psychologically grounded financial ecosystem that actively supports customers in shaping their future.""",Fees & Charges
R044,2026-06-03,5,Perfect,"For me, N26 represents everything I need and expect, thank you!",General Positive Feedback
R045,2026-06-03,5,N26 is a great choice,N26 is the best bank I have ever used. It's a pity they don't offer loans outside Germany.,General Positive Feedback
R046,2026-06-03,4,IˇŻve been using N26 for several yearsˇ­,"IˇŻve been using N26 for several years and overall my experience has been very positive. The app is intuitive, transactions are processed quickly, and the real-time notifications provide excellent visibility over spending. I also appreciate the modern approach to banking, the clean user interface, and the ease of managing accounts, savings, and cards directly from the app.N26 has become my primary banking solution for everyday use, travel, and managing finances abroad. The transparency and simplicity are among its strongest advantages.The reason for 4 stars instead of 5 is that I would like to see more competitive savings rates, additional loyalty benefits for long-term customers, and further improvements to investment features and portfolio tracking.Overall, N26 remains one of the best digital banking experiences I have used and I would happily recommend it to others.",Payments & Transactions
R047,2026-06-03,5,Great bank,"Great bank, superb costumer service",Customer Service
R048,2026-06-03,5,Extremely smooth and well working bank,,General Positive Feedback
R049,2026-06-03,5,all is very easy and positiv.,,General Positive Feedback
R050,2026-06-03,5,I am very satisfied with N26,"I am very satisfied with N26. When I moved to Germany, I initially opened an N26 account to use as an interim/transition account, and it made the entire process so much easier. The app is incredibly user-friendly, smooth, and pleasant to use daily. I am actually so happy with the service that I've decided to keep the account permanently. If you are relocating to Germany and need a reliable, hassle-free bank, I highly recommend N26!",Verification & Onboarding
